--
-- Script was generated by Devart dbForge Studio 2020 for MySQL, Version 9.0.338.0
-- Product home page: http://www.devart.com/dbforge/mysql/studio
-- Script date 2022/6/10 15:00:04
-- Server version: 8.0.27
-- Client version: 4.1
--

-- 
-- Disable foreign keys
-- 
/*!40014 SET @OLD_FOREIGN_KEY_CHECKS=@@FOREIGN_KEY_CHECKS, FOREIGN_KEY_CHECKS=0 */;

-- 
-- Set SQL mode
-- 
/*!40101 SET @OLD_SQL_MODE=@@SQL_MODE, SQL_MODE='NO_AUTO_VALUE_ON_ZERO' */;

-- 
-- Set character set the client will use to send SQL statements to the server
--
SET NAMES 'utf8';

CREATE DATABASE configcenter;

--
-- Set default database
--
USE configcenter;

--
-- Drop table `agc_app`
--
DROP TABLE IF EXISTS agc_app;

--
-- Drop table `agc_appinheritanced`
--
DROP TABLE IF EXISTS agc_appinheritanced;

--
-- Drop table `agc_config`
--
DROP TABLE IF EXISTS agc_config;

--
-- Drop table `agc_config_published`
--
DROP TABLE IF EXISTS agc_config_published;

--
-- Drop table `agc_publish_detail`
--
DROP TABLE IF EXISTS agc_publish_detail;

--
-- Drop table `agc_publish_timeline`
--
DROP TABLE IF EXISTS agc_publish_timeline;

--
-- Drop table `agc_server_node`
--
DROP TABLE IF EXISTS agc_server_node;

--
-- Drop table `agc_setting`
--
DROP TABLE IF EXISTS agc_setting;

--
-- Drop table `agc_sys_log`
--
DROP TABLE IF EXISTS agc_sys_log;

--
-- Drop table `agc_user`
--
DROP TABLE IF EXISTS agc_user;

--
-- Drop table `agc_user_app_auth`
--
DROP TABLE IF EXISTS agc_user_app_auth;

--
-- Drop table `agc_user_role`
--
DROP TABLE IF EXISTS agc_user_role;

--
-- Set default database
--
USE configcenter;

--
-- Create table `agc_user_role`
--
CREATE TABLE agc_user_role (
                               id varchar(36) NOT NULL,
                               user_id varchar(50) DEFAULT NULL,
                               role enum ('SuperAdmin', 'Admin', 'NormalUser') NOT NULL,
                               create_time datetime(3) NOT NULL,
                               PRIMARY KEY (id)
)
    ENGINE = INNODB,
AVG_ROW_LENGTH = 8192,
CHARACTER SET utf8mb4,
COLLATE utf8mb4_general_ci;

--
-- Create table `agc_user_app_auth`
--
CREATE TABLE agc_user_app_auth (
                                   id varchar(36) NOT NULL,
                                   app_id varchar(36) DEFAULT NULL,
                                   user_id varchar(36) DEFAULT NULL,
                                   permission varchar(50) DEFAULT NULL,
                                   PRIMARY KEY (id)
)
    ENGINE = INNODB,
CHARACTER SET utf8mb4,
COLLATE utf8mb4_general_ci;

--
-- Create table `agc_user`
--
CREATE TABLE agc_user (
                          id varchar(36) NOT NULL,
                          user_name varchar(50) DEFAULT NULL,
                          password varchar(50) DEFAULT NULL,
                          salt varchar(36) DEFAULT NULL,
                          team varchar(50) DEFAULT NULL,
                          create_time datetime(3) NOT NULL,
                          update_time datetime(3) DEFAULT NULL,
                          status enum ('Normal', 'Deleted') NOT NULL,
                          PRIMARY KEY (id)
)
    ENGINE = INNODB,
CHARACTER SET utf8mb4,
COLLATE utf8mb4_general_ci;

--
-- Create table `agc_sys_log`
--
CREATE TABLE agc_sys_log (
                             id int NOT NULL AUTO_INCREMENT,
                             app_id varchar(36) DEFAULT NULL,
                             log_type enum ('Normal', 'Warn') NOT NULL,
                             log_time datetime(3) DEFAULT NULL,
                             log_text varchar(2000) DEFAULT NULL,
                             PRIMARY KEY (id)
)
    ENGINE = INNODB,
AUTO_INCREMENT = 79,
AVG_ROW_LENGTH = 1024,
CHARACTER SET utf8mb4,
COLLATE utf8mb4_general_ci;

--
-- Create table `agc_setting`
--
CREATE TABLE agc_setting (
                             id varchar(36) NOT NULL,
                             value varchar(200) DEFAULT NULL,
                             create_time datetime(3) NOT NULL,
                             PRIMARY KEY (id)
)
    ENGINE = INNODB,
CHARACTER SET utf8mb4,
COLLATE utf8mb4_general_ci;

--
-- Create table `agc_server_node`
--
CREATE TABLE agc_server_node (
                                 address varchar(100) NOT NULL,
                                 remark varchar(50) DEFAULT NULL,
                                 status enum ('Offline', 'Online') NOT NULL,
                                 last_echo_time datetime(3) DEFAULT NULL,
                                 create_time datetime(3) NOT NULL,
                                 PRIMARY KEY (address)
)
    ENGINE = INNODB,
AVG_ROW_LENGTH = 16384,
CHARACTER SET utf8mb4,
COLLATE utf8mb4_general_ci;

--
-- Create table `agc_publish_timeline`
--
CREATE TABLE agc_publish_timeline (
                                      id varchar(36) NOT NULL,
                                      app_id varchar(36) DEFAULT NULL,
                                      publish_time datetime(3) DEFAULT NULL,
                                      publish_user_id varchar(36) DEFAULT NULL,
                                      publish_user_name varchar(50) DEFAULT NULL,
                                      version int NOT NULL,
                                      log varchar(100) DEFAULT NULL,
                                      env varchar(50) DEFAULT NULL,
                                      PRIMARY KEY (id)
)
    ENGINE = INNODB,
AVG_ROW_LENGTH = 1260,
CHARACTER SET utf8mb4,
COLLATE utf8mb4_general_ci;

--
-- Create table `agc_publish_detail`
--
CREATE TABLE agc_publish_detail (
                                    id varchar(36) NOT NULL,
                                    app_id varchar(36) DEFAULT NULL,
                                    Version int NOT NULL,
                                    publish_timeline_id varchar(36) DEFAULT NULL,
                                    config_id varchar(36) DEFAULT NULL,
                                    g varchar(100) DEFAULT NULL,
                                    k varchar(100) DEFAULT NULL,
                                    v varchar(4000) DEFAULT NULL,
                                    description varchar(200) DEFAULT NULL,
                                    edit_status enum ('Add', 'Edit', 'Deleted', 'Commit') NOT NULL,
                                    env varchar(50) DEFAULT NULL,
                                    PRIMARY KEY (id)
)
    ENGINE = INNODB,
AVG_ROW_LENGTH = 1170,
CHARACTER SET utf8mb4,
COLLATE utf8mb4_general_ci;

--
-- Create table `agc_config_published`
--
CREATE TABLE agc_config_published (
                                      id varchar(36) NOT NULL,
                                      app_id varchar(36) DEFAULT NULL,
                                      g varchar(100) DEFAULT NULL,
                                      k varchar(100) DEFAULT NULL,
                                      v varchar(4000) DEFAULT NULL,
                                      publish_time datetime(3) DEFAULT NULL,
                                      config_id varchar(36) DEFAULT NULL,
                                      publish_timeline_id varchar(36) DEFAULT NULL,
                                      version int NOT NULL,
                                      status enum ('Deleted', 'Enabled') NOT NULL,
                                      env varchar(50) DEFAULT NULL,
                                      PRIMARY KEY (id)
)
    ENGINE = INNODB,
AVG_ROW_LENGTH = 1260,
CHARACTER SET utf8mb4,
COLLATE utf8mb4_general_ci;

--
-- Create table `agc_config`
--
CREATE TABLE agc_config (
                            id varchar(36) NOT NULL,
                            app_id varchar(36) DEFAULT NULL,
                            g varchar(100) DEFAULT NULL,
                            k varchar(100) DEFAULT NULL,
                            v varchar(4000) DEFAULT NULL,
                            description varchar(200) DEFAULT NULL,
                            create_time datetime(3) NOT NULL,
                            update_time datetime(3) DEFAULT NULL,
                            status enum ('Deleted', 'Enabled') NOT NULL,
                            online_status enum ('WaitPublish', 'Online') NOT NULL,
                            edit_status enum ('Add', 'Edit', 'Deleted', 'Commit') NOT NULL,
                            env varchar(50) DEFAULT NULL,
                            PRIMARY KEY (id)
)
    ENGINE = INNODB,
AVG_ROW_LENGTH = 2340,
CHARACTER SET utf8mb4,
COLLATE utf8mb4_general_ci;

--
-- Create table `agc_appinheritanced`
--
CREATE TABLE agc_appinheritanced (
                                     id varchar(36) NOT NULL,
                                     appid varchar(36) DEFAULT NULL,
                                     inheritanced_appid varchar(36) DEFAULT NULL,
                                     sort int NOT NULL,
                                     PRIMARY KEY (id)
)
    ENGINE = INNODB,
AVG_ROW_LENGTH = 8192,
CHARACTER SET utf8mb4,
COLLATE utf8mb4_general_ci;

--
-- Create table `agc_app`
--
CREATE TABLE agc_app (
                         id varchar(36) NOT NULL,
                         name varchar(50) DEFAULT NULL,
                         `group` varchar(50) DEFAULT NULL,
                         secret varchar(36) DEFAULT NULL,
                         create_time datetime(3) NOT NULL,
                         update_time datetime(3) DEFAULT NULL,
                         enabled bit(1) NOT NULL,
                         type enum ('PRIVATE', 'Inheritance') NOT NULL,
                         app_admin varchar(36) DEFAULT NULL,
                         PRIMARY KEY (id)
)
    ENGINE = INNODB,
AVG_ROW_LENGTH = 5461,
CHARACTER SET utf8mb4,
COLLATE utf8mb4_general_ci;

-- 
-- Dumping data for table agc_user_role
--
INSERT INTO agc_user_role VALUES
                              ('6136e6e9bb5c4636b739e1552ddb7018', 'super_admin', 'Admin', '0001-01-01 00:00:00'),
                              ('bd4b876e061b452c8439cbc4581f1863', 'super_admin', 'SuperAdmin', '0001-01-01 00:00:00');

-- 
-- Dumping data for table agc_user_app_auth
--
-- Table configcenter.agc_user_app_auth does not contain any data (it is empty)

-- 
-- Dumping data for table agc_user
--
INSERT INTO agc_user VALUES
    ('super_admin', 'admin', '7AA45C15EE5FDDE45B032C2A4C3C3EFE', '0cef4041edf34c3aa9230acac0ab142a', '', '2022-04-25 20:58:01.298', NULL, 'Normal');

-- 
-- Dumping data for table agc_sys_log
--
INSERT INTO agc_sys_log VALUES
                            (1, NULL, 'Normal', '2022-04-25 20:58:01.314', '超级管理员密码初始化成功'),
                            (2, NULL, 'Normal', '2022-04-25 20:58:08.148', 'admin 登录成功'),
                            (3, NULL, 'Normal', '2022-04-25 20:58:12.009', '用户：admin 添加节点：http://localhost:5005'),
                            (4, NULL, 'Normal', '2022-04-25 20:58:46.13', '用户：admin 新增应用【AppId：PublicID】【AppName：Public】'),
                            (5, NULL, 'Normal', '2022-04-25 20:59:21.57', '用户：admin 新增应用【AppId：DemandsID】【AppName：Demands】'),
                            (6, NULL, 'Normal', '2022-04-25 21:00:17.696', '用户：admin 新增应用【AppId：HttpAggregatorID】【AppName：HttpAggregator】'),
                            (7, 'PublicID', 'Normal', '2022-04-25 21:00:39.77', '用户：admin 新增配置【Group：】【Key：SeqServerUrl】【AppId：PublicID】【Env：DEV】【待发布】'),
                            (8, 'PublicID', 'Normal', '2022-04-25 21:00:43.008', '用户：admin 发布配置【AppId：PublicID】【Env：DEV】【版本：20220425210042】'),
                            (9, 'HttpAggregatorID', 'Normal', '2022-04-26 10:28:56.79', '用户：admin 新增配置【Group：】【Key：ProxySettings】【AppId：HttpAggregatorID】【Env：DEV】【待发布】'),
                            (10, 'HttpAggregatorID', 'Normal', '2022-04-26 11:02:07.003', '用户：admin 编辑配置【Group：】【Key：ProxySettings】【AppId：HttpAggregatorID】【Env：DEV】【待发布】'),
                            (11, 'HttpAggregatorID', 'Normal', '2022-04-26 14:19:33.474', '用户：admin 发布配置【AppId：HttpAggregatorID】【Env：DEV】【版本：20220426141933】'),
                            (12, NULL, 'Normal', '2022-04-26 14:57:33.983', '用户：admin 添加节点：http://192.168.0.135:5005'),
                            (13, NULL, 'Warn', '2022-04-26 15:02:09.429', '用户：admin 删除节点：http://localhost:5005'),
                            (14, 'HttpAggregatorID', 'Normal', '2022-04-26 17:28:32.041', '用户：admin 编辑配置【Group：】【Key：ProxySettings】【AppId：HttpAggregatorID】【Env：DEV】【待发布】'),
                            (15, 'HttpAggregatorID', 'Normal', '2022-04-26 17:28:34.526', '用户：admin 发布配置【AppId：HttpAggregatorID】【Env：DEV】【版本：20220426172834】'),
                            (16, 'HttpAggregatorID', 'Normal', '2022-04-26 17:28:34.587', '通知节点【http://192.168.0.135:5005】应用【HttpAggregatorID】的客户端：【reload】 响应：成功'),
                            (17, NULL, 'Normal', '2022-04-29 16:09:15.943', 'admin 登录成功'),
                            (18, NULL, 'Normal', '2022-05-05 13:43:52.666', 'admin 登录成功'),
                            (19, NULL, 'Normal', '2022-05-05 13:44:32.246', '用户：admin 添加节点：http://localhost:5005'),
                            (20, NULL, 'Normal', '2022-05-05 13:45:16.214', '用户：admin 添加节点：http://10.181.22.62'),
                            (21, NULL, 'Warn', '2022-05-05 13:45:30.603', '用户：admin 删除节点：http://10.181.22.62'),
                            (22, NULL, 'Warn', '2022-05-05 13:45:32.078', '用户：admin 删除节点：http://localhost:5005'),
                            (23, NULL, 'Normal', '2022-05-05 13:45:38.634', '用户：admin 添加节点：http://10.181.22.62:5005'),
                            (24, 'HttpAggregatorID', 'Warn', '2022-05-05 13:58:26.17', '用户：admin 删除配置【Group：】【Key：ProxySettings】【AppId：HttpAggregatorID】【Env：DEV】【待发布】'),
                            (25, 'HttpAggregatorID', 'Normal', '2022-05-05 13:58:34.2', '用户：admin 新增配置【Group：】【Key：ProxySetting】【AppId：HttpAggregatorID】【Env：DEV】【待发布】'),
                            (26, 'HttpAggregatorID', 'Normal', '2022-05-05 13:58:37.579', '用户：admin 发布配置【AppId：HttpAggregatorID】【Env：DEV】【版本：20220505135837】'),
                            (27, 'HttpAggregatorID', 'Normal', '2022-05-05 13:58:37.717', '通知节点【http://10.181.22.62:5005】应用【HttpAggregatorID】的客户端：【reload】 响应：成功'),
                            (28, 'HttpAggregatorID', 'Normal', '2022-05-05 14:00:13.931', '用户：admin 编辑配置【Group：】【Key：ProxySetting】【AppId：HttpAggregatorID】【Env：DEV】【待发布】'),
                            (29, 'HttpAggregatorID', 'Normal', '2022-05-05 14:00:16.409', '用户：admin 发布配置【AppId：HttpAggregatorID】【Env：DEV】【版本：20220505140016】'),
                            (30, 'HttpAggregatorID', 'Normal', '2022-05-05 14:00:16.446', '通知节点【http://10.181.22.62:5005】应用【HttpAggregatorID】的客户端：【reload】 响应：成功'),
                            (31, 'HttpAggregatorID', 'Normal', '2022-05-05 14:00:51.848', '用户：admin 编辑配置【Group：】【Key：ProxySetting】【AppId：HttpAggregatorID】【Env：DEV】【待发布】'),
                            (32, 'HttpAggregatorID', 'Normal', '2022-05-05 14:00:54.266', '用户：admin 发布配置【AppId：HttpAggregatorID】【Env：DEV】【版本：20220505140054】'),
                            (33, 'HttpAggregatorID', 'Normal', '2022-05-05 14:00:54.299', '通知节点【http://10.181.22.62:5005】应用【HttpAggregatorID】的客户端：【reload】 响应：成功'),
                            (34, NULL, 'Warn', '2022-05-05 15:13:37.041', '用户：admin 删除应用【AppId:HttpAggregatorID】'),
                            (35, NULL, 'Normal', '2022-05-05 15:13:58.83', '用户：admin 新增应用【AppId：ProxyAggregatorID】【AppName：ProxyAggregator】'),
                            (36, 'ProxyAggregatorID', 'Normal', '2022-05-05 15:14:49.219', '用户：admin 新增配置【Group：】【Key：ProxySetting】【AppId：ProxyAggregatorID】【Env：DEV】【待发布】'),
                            (37, 'ProxyAggregatorID', 'Normal', '2022-05-05 15:14:52.892', '用户：admin 发布配置【AppId：ProxyAggregatorID】【Env：DEV】【版本：20220505151452】'),
                            (38, 'ProxyAggregatorID', 'Normal', '2022-05-05 15:14:52.966', '通知节点【http://10.181.22.62:5005】应用【ProxyAggregatorID】的客户端：【reload】 响应：成功'),
                            (39, NULL, 'Normal', '2022-05-13 17:27:12.298', 'admin 登录成功'),
                            (40, NULL, 'Normal', '2022-05-13 17:27:46.402', '用户：admin 新增应用【AppId：SingleSignOnID】【AppName：SingleSignOn】'),
                            (41, NULL, 'Normal', '2022-05-20 13:20:42.613', 'admin 登录成功'),
                            (42, NULL, 'Warn', '2022-05-20 13:20:52.694', '用户：admin 删除节点：http://192.168.0.135:5005'),
                            (43, 'ProxyAggregatorID', 'Normal', '2022-05-20 13:22:03.502', '用户：admin 编辑配置【Group：】【Key：ProxySetting】【AppId：ProxyAggregatorID】【Env：DEV】【待发布】'),
                            (44, 'ProxyAggregatorID', 'Normal', '2022-05-20 13:22:06.343', '用户：admin 发布配置【AppId：ProxyAggregatorID】【Env：DEV】【版本：20220520132206】'),
                            (45, 'ProxyAggregatorID', 'Normal', '2022-05-20 13:22:06.461', '通知节点【http://10.181.22.62:5005】应用【ProxyAggregatorID】的客户端：【reload】 响应：成功'),
                            (46, 'ProxyAggregatorID', 'Normal', '2022-05-20 13:23:27.017', '用户：admin 编辑配置【Group：】【Key：ProxySetting】【AppId：ProxyAggregatorID】【Env：DEV】【待发布】'),
                            (47, 'ProxyAggregatorID', 'Normal', '2022-05-20 13:23:29.646', '通知节点【http://10.181.22.62:5005】应用【ProxyAggregatorID】的客户端：【reload】 响应：成功'),
                            (48, 'ProxyAggregatorID', 'Normal', '2022-05-20 13:23:29.632', '用户：admin 发布配置【AppId：ProxyAggregatorID】【Env：DEV】【版本：20220520132329】'),
                            (49, NULL, 'Warn', '2022-05-20 17:16:05.51', '用户：admin 删除应用【AppId:ProxyAggregatorID】'),
                            (50, NULL, 'Normal', '2022-05-20 17:16:15.657', '用户：admin 新增应用【AppId：admin】【AppName：Aggregator】'),
                            (51, 'admin', 'Normal', '2022-05-20 17:16:35.359', '用户：admin 新增配置【Group：】【Key：ProxySetting】【AppId：admin】【Env：DEV】【待发布】'),
                            (52, 'admin', 'Normal', '2022-05-20 17:16:38.436', '用户：admin 发布配置【AppId：admin】【Env：DEV】【版本：20220520171638】'),
                            (53, 'admin', 'Normal', '2022-05-20 17:16:38.499', '通知节点【http://10.181.22.62:5005】应用【admin】的客户端：【reload】 响应：成功'),
                            (54, NULL, 'Normal', '2022-05-25 15:26:55.152', 'admin 登录成功'),
                            (55, 'SingleSignOnID', 'Normal', '2022-05-25 15:27:15.651', '用户：admin 新增配置【Group：】【Key：UserPasswordSecret】【AppId：SingleSignOnID】【Env：DEV】【待发布】'),
                            (56, 'SingleSignOnID', 'Normal', '2022-05-25 15:27:18.191', '用户：admin 发布配置【AppId：SingleSignOnID】【Env：DEV】【版本：20220525152718】'),
                            (57, 'SingleSignOnID', 'Normal', '2022-05-25 15:27:18.328', '通知节点【http://10.181.22.62:5005】应用【SingleSignOnID】的客户端：【reload】 响应：成功'),
                            (58, 'SingleSignOnID', 'Normal', '2022-05-25 15:35:56.16', '用户：admin 新增配置【Group：】【Key：JwtSetting】【AppId：SingleSignOnID】【Env：DEV】【待发布】'),
                            (59, 'SingleSignOnID', 'Normal', '2022-05-25 15:35:58.224', '通知节点【http://10.181.22.62:5005】应用【SingleSignOnID】的客户端：【reload】 响应：成功'),
                            (60, 'SingleSignOnID', 'Normal', '2022-05-25 15:35:58.21', '用户：admin 发布配置【AppId：SingleSignOnID】【Env：DEV】【版本：20220525153558】'),
                            (61, NULL, 'Warn', '2022-05-25 16:40:54.986', '用户：admin 删除应用【AppId:admin】'),
                            (62, NULL, 'Normal', '2022-05-25 16:41:14.359', '用户：admin 新增应用【AppId：AggregatorID】【AppName：Aggregator】'),
                            (63, 'AggregatorID', 'Normal', '2022-05-25 16:41:36.396', '用户：admin 新增配置【Group：】【Key：ProxySetting】【AppId：AggregatorID】【Env：DEV】【待发布】'),
                            (64, 'AggregatorID', 'Normal', '2022-05-25 16:41:38.708', '用户：admin 发布配置【AppId：AggregatorID】【Env：DEV】【版本：20220525164138】'),
                            (65, 'AggregatorID', 'Normal', '2022-05-25 16:41:38.799', '通知节点【http://10.181.22.62:5005】应用【AggregatorID】的客户端：【reload】 响应：成功'),
                            (66, NULL, 'Normal', '2022-06-09 16:39:11.888', 'admin 登录成功'),
                            (67, 'PublicID', 'Normal', '2022-06-09 16:40:18.337', '用户：admin 编辑配置【Group：】【Key：SeqServerUrl】【AppId：PublicID】【Env：DEV】【待发布】'),
                            (68, 'PublicID', 'Normal', '2022-06-09 16:40:21.141', '用户：admin 发布配置【AppId：PublicID】【Env：DEV】【版本：20220609164021】'),
                            (69, 'SingleSignOnID', 'Normal', '2022-06-09 16:40:21.405', '通知节点【http://10.181.22.62:5005】应用【SingleSignOnID】的客户端：【reload】 响应：成功'),
                            (70, 'DemandsID', 'Normal', '2022-06-09 16:40:21.441', '通知节点【http://10.181.22.62:5005】应用【DemandsID】的客户端：【reload】 响应：成功'),
                            (71, 'AggregatorID', 'Normal', '2022-06-09 16:40:21.478', '通知节点【http://10.181.22.62:5005】应用【AggregatorID】的客户端：【reload】 响应：成功'),
                            (72, 'PublicID', 'Normal', '2022-06-09 16:40:21.514', '通知节点【http://10.181.22.62:5005】应用【PublicID】的客户端：【reload】 响应：成功'),
                            (73, 'PublicID', 'Normal', '2022-06-09 17:42:08.792', '用户：admin 编辑配置【Group：】【Key：SeqServerUrl】【AppId：PublicID】【Env：DEV】【待发布】'),
                            (74, 'PublicID', 'Normal', '2022-06-09 17:42:11.125', '用户：admin 发布配置【AppId：PublicID】【Env：DEV】【版本：20220609174211】'),
                            (75, 'SingleSignOnID', 'Normal', '2022-06-09 17:42:11.336', '通知节点【http://10.181.22.62:5005】应用【SingleSignOnID】的客户端：【reload】 响应：成功'),
                            (76, 'DemandsID', 'Normal', '2022-06-09 17:42:11.385', '通知节点【http://10.181.22.62:5005】应用【DemandsID】的客户端：【reload】 响应：成功'),
                            (77, 'AggregatorID', 'Normal', '2022-06-09 17:42:11.401', '通知节点【http://10.181.22.62:5005】应用【AggregatorID】的客户端：【reload】 响应：成功'),
                            (78, 'PublicID', 'Normal', '2022-06-09 17:42:11.423', '通知节点【http://10.181.22.62:5005】应用【PublicID】的客户端：【reload】 响应：成功');

-- 
-- Dumping data for table agc_setting
--
INSERT INTO agc_setting VALUES
    ('environment', 'DEV,TEST,STAGING,PROD', '2022-04-25 21:11:31.348');

-- 
-- Dumping data for table agc_server_node
--
INSERT INTO agc_server_node VALUES
    ('http://10.181.22.62:5005', NULL, 'Online', '2022-06-10 15:00:02.939', '2022-05-05 13:45:38.624');

-- 
-- Dumping data for table agc_publish_timeline
--
INSERT INTO agc_publish_timeline VALUES
                                     ('19c6878fd96d4e62b58b186b1d52ab53', 'HttpAggregatorID', '2022-05-05 14:00:16.386', 'super_admin', 'admin', 4, '', 'DEV'),
                                     ('1a0bc963d23f41c4b3fc4fe48f23eb8e', 'PublicID', '2022-04-25 21:00:42.952', 'super_admin', 'admin', 1, '', 'DEV'),
                                     ('2b82ae37d04a4668a7fbf287bba850ff', 'HttpAggregatorID', '2022-05-05 13:58:37.501', 'super_admin', 'admin', 3, '', 'DEV'),
                                     ('3656edc3c44f46b994905b207adf52c8', 'SingleSignOnID', '2022-05-25 15:27:18.112', 'super_admin', 'admin', 1, '', 'DEV'),
                                     ('435f7d09147d4b8e8051ee740934aea3', 'ProxyAggregatorID', '2022-05-20 13:22:06.269', 'super_admin', 'admin', 2, '', 'DEV'),
                                     ('506c6bb3f6c54a16862f22118231bd12', 'SingleSignOnID', '2022-05-25 15:35:58.183', 'super_admin', 'admin', 2, '', 'DEV'),
                                     ('52826ac0a85941ceb145141c9d8e3145', 'PublicID', '2022-06-09 17:42:11.037', 'super_admin', 'admin', 3, '', 'DEV'),
                                     ('52a93c21990647a1b08f098dc31b66c5', 'PublicID', '2022-06-09 16:40:21.032', 'super_admin', 'admin', 2, '', 'DEV'),
                                     ('54eced6427114d54b946809cb60eae99', 'HttpAggregatorID', '2022-04-26 14:19:33.362', 'super_admin', 'admin', 1, '', 'DEV'),
                                     ('8bed9fa9d1394df58f26d76e1138619e', 'ProxyAggregatorID', '2022-05-05 15:14:52.858', 'super_admin', 'admin', 1, '', 'DEV'),
                                     ('aa1ae517d0284bb08e376b06e730b903', 'admin', '2022-05-20 17:16:38.414', 'super_admin', 'admin', 1, '', 'DEV'),
                                     ('bcddf203372d426091b5155254207322', 'AggregatorID', '2022-05-25 16:41:38.685', 'super_admin', 'admin', 1, '', 'DEV'),
                                     ('bd5409fff1a04f3d9c2f2c0e3036c115', 'HttpAggregatorID', '2022-05-05 14:00:54.246', 'super_admin', 'admin', 5, '', 'DEV'),
                                     ('dbbb5c2747054bdb86bee5e82150a73a', 'HttpAggregatorID', '2022-04-26 17:28:34.463', 'super_admin', 'admin', 2, '', 'DEV'),
                                     ('f1da5d0af9d64969a285c04d435a8242', 'ProxyAggregatorID', '2022-05-20 13:23:29.612', 'super_admin', 'admin', 3, '', 'DEV');

-- 
-- Dumping data for table agc_publish_detail
--
INSERT INTO agc_publish_detail VALUES
                                   ('01618404a7da4e9d90f9d38a4cd2fe40', 'HttpAggregatorID', 5, 'bd5409fff1a04f3d9c2f2c0e3036c115', '4378f11567754441bbf45800473c4922', NULL, 'ProxySetting', '{"Services":[{"appid":"demands","description":"Demands service","methods":["get","post","put","delete"],"swagger":"/swagger/v1/swagger.json"}]}', NULL, 'Edit', 'DEV'),
                                   ('160bea634ad54716aad791224d173a79', 'SingleSignOnID', 1, '3656edc3c44f46b994905b207adf52c8', 'f0c8beea7ec5473999d0b3f1cef3efec', NULL, 'UserPasswordSecret', '1qazxsw23edcVFR$', NULL, 'Add', 'DEV'),
                                   ('2b71263369e3433e8befdda6319b22f0', 'AggregatorID', 1, 'bcddf203372d426091b5155254207322', '04884b133f63467cb89c39ad369497a5', '', 'ProxySetting', '{\n  "services": [\n    {\n      "appid": "demands",\n      "description": "Demands service",\n      "methods": [\n        "get",\n        "post",\n        "put",\n        "delete"\n      ],\n      "swagger": "/swagger/v1/swagger.json"\n    },\n    {\n      "appid": "single-sign-on",\n      "description": "Single signon service",\n      "methods": [\n        "get",\n        "post",\n        "put",\n        "delete"\n      ],\n      "swagger": "/swagger/v1/swagger.json"\n    }\n  ]\n}', NULL, 'Add', 'DEV'),
                                   ('309dc60dd57a489baea294df72accce8', 'ProxyAggregatorID', 2, '435f7d09147d4b8e8051ee740934aea3', '218a990b7323448a84cf10bf636e4a61', NULL, 'ProxySetting', '{\n  "services": [\n    {\n      "appid": "demands",\n      "description": "Demands service",\n      "methods": [\n        "get",\n        "post",\n        "put",\n        "delete"\n      ],\n      "swagger": "/swagger/v1/swagger.json"\n    },\n    {\n      "appid": "single-sign-on",\n      "description": "Demands service",\n      "methods": [\n        "get",\n        "post",\n        "put",\n        "delete"\n      ],\n      "swagger": "/swagger/v1/swagger.json"\n    }\n  ]\n}', NULL, 'Edit', 'DEV'),
                                   ('41ca8821be5a408cab3eaa702442009b', 'HttpAggregatorID', 2, 'dbbb5c2747054bdb86bee5e82150a73a', '906ea0e07b3d4e1d915c33b3bba70657', NULL, 'ProxySettings', '{\n    "services": [\n        {\n            "appid": "demands",\n            "description": "Demands service",\n            "methods": [\n                "get",\n                "post",\n                "put",\n                "delete"\n            ],\n            "swagger": "/swagger/v1/swagger.json"\n        }\n    ]\n}', NULL, 'Edit', 'DEV'),
                                   ('4a5723e1586a46249b6787fbba14283c', 'HttpAggregatorID', 1, '54eced6427114d54b946809cb60eae99', '906ea0e07b3d4e1d915c33b3bba70657', NULL, 'ProxySettings', '{\n    "services": [\n        {\n            "appid": "demands",\n            "description": "Demands service",\n            "methods": [\n                "get",\n                "post",\n                "put",\n                "delete"\n            ],\n            "headers": {\n                "request": [\n                    "Content-Type",\n                    "Accept"\n                ],\n                "response": [\n                    "Content-Type",\n                    "Accept"\n                ]\n            },\n            "swagger": "/swagger/v1/swagger.json"\n        }\n    ]\n}', NULL, 'Add', 'DEV'),
                                   ('4f8d03233cda4aacabf1c8fbc713a252', 'PublicID', 3, '52826ac0a85941ceb145141c9d8e3145', 'ecde6610b3a241cea566090920b3e860', NULL, 'SeqServerUrl', 'http://10.181.22.62:5340', NULL, 'Edit', 'DEV'),
                                   ('5854c3f1c1074a7580ab8405a3bcfa24', 'HttpAggregatorID', 3, '2b82ae37d04a4668a7fbf287bba850ff', '906ea0e07b3d4e1d915c33b3bba70657', NULL, 'ProxySettings', '{\n    "services": [\n        {\n            "appid": "demands",\n            "description": "Demands service",\n            "methods": [\n                "get",\n                "post",\n                "put",\n                "delete"\n            ],\n            "swagger": "/swagger/v1/swagger.json"\n        }\n    ]\n}', NULL, 'Deleted', 'DEV'),
                                   ('706cb51755b645dfa28db98db78170e3', 'PublicID', 1, '1a0bc963d23f41c4b3fc4fe48f23eb8e', 'ecde6610b3a241cea566090920b3e860', NULL, 'SeqServerUrl', 'http://seq', NULL, 'Add', 'DEV'),
                                   ('75d55c6288c340d48c04be2a6de31db7', 'ProxyAggregatorID', 1, '8bed9fa9d1394df58f26d76e1138619e', '218a990b7323448a84cf10bf636e4a61', NULL, 'ProxySetting', '{\n  "services": [\n    {\n      "appid": "demands",\n      "description": "Demands service",\n      "methods": [\n        "get",\n        "post",\n        "put",\n        "delete"\n      ],\n      "swagger": "/swagger/v1/swagger.json"\n    }\n  ]\n}', NULL, 'Add', 'DEV'),
                                   ('7f88cb49bb134d5791f4800138894058', 'ProxyAggregatorID', 3, 'f1da5d0af9d64969a285c04d435a8242', '218a990b7323448a84cf10bf636e4a61', NULL, 'ProxySetting', '{\n  "services": [\n    {\n      "appid": "demands",\n      "description": "Demands service",\n      "methods": [\n        "get",\n        "post",\n        "put",\n        "delete"\n      ],\n      "swagger": "/swagger/v1/swagger.json"\n    },\n    {\n      "appid": "single-sign-on",\n      "description": "Single signon service",\n      "methods": [\n        "get",\n        "post",\n        "put",\n        "delete"\n      ],\n      "swagger": "/swagger/v1/swagger.json"\n    }\n  ]\n}', NULL, 'Edit', 'DEV'),
                                   ('bedff2d339384c32b029b42d6e52e772', 'SingleSignOnID', 2, '506c6bb3f6c54a16862f22118231bd12', '13adf8d0a16f44b2851dcdbe1a6aaf1c', NULL, 'JwtSetting', '{\n  "secretKey": "1qazxsw23edcVFR$",\n  "expiration": 3600\n}', NULL, 'Add', 'DEV'),
                                   ('c269298af7134095831ceb7a25e660a9', 'HttpAggregatorID', 3, '2b82ae37d04a4668a7fbf287bba850ff', '4378f11567754441bbf45800473c4922', NULL, 'ProxySetting', '{\n    "services": [\n        {\n            "appid": "demands",\n            "description": "Demands service",\n            "methods": [\n                "get",\n                "post",\n                "put",\n                "delete"\n            ],\n            "swagger": "/swagger/v1/swagger.json"\n        }\n    ]\n}', NULL, 'Add', 'DEV'),
                                   ('cfd809cf3edc42e4a957a0833bf97765', 'PublicID', 2, '52a93c21990647a1b08f098dc31b66c5', 'ecde6610b3a241cea566090920b3e860', NULL, 'SeqServerUrl', 'http://localhost:5340', NULL, 'Edit', 'DEV'),
                                   ('d11b911ba3b54ba69fb4b5014b0aa826', 'HttpAggregatorID', 4, '19c6878fd96d4e62b58b186b1d52ab53', '4378f11567754441bbf45800473c4922', NULL, 'ProxySetting', '{\n    "Services": [\n        {\n            "appid": "demands",\n            "description": "Demands service",\n            "methods": [\n                "get",\n                "post",\n                "put",\n                "delete"\n            ],\n            "swagger": "/swagger/v1/swagger.json"\n        }\n    ]\n}', NULL, 'Edit', 'DEV'),
                                   ('e056883a46b745b09397868c1d9a2ecc', 'admin', 1, 'aa1ae517d0284bb08e376b06e730b903', 'ae3484c6aa07443fb8169747f8f608b1', NULL, 'ProxySetting', '{\n  "services": [\n    {\n      "appid": "demands",\n      "description": "Demands service",\n      "methods": [\n        "get",\n        "post",\n        "put",\n        "delete"\n      ],\n      "swagger": "/swagger/v1/swagger.json"\n    },\n    {\n      "appid": "single-sign-on",\n      "description": "Single signon service",\n      "methods": [\n        "get",\n        "post",\n        "put",\n        "delete"\n      ],\n      "swagger": "/swagger/v1/swagger.json"\n    }\n  ]\n}', NULL, 'Add', 'DEV');

-- 
-- Dumping data for table agc_config_published
--
INSERT INTO agc_config_published VALUES
                                     ('000520b7d13a4b39b8b4b8c3a1ec5f97', 'HttpAggregatorID', NULL, 'ProxySettings', '{\n    "services": [\n        {\n            "appid": "demands",\n            "description": "Demands service",\n            "methods": [\n                "get",\n                "post",\n                "put",\n                "delete"\n            ],\n            "headers": {\n                "request": [\n                    "Content-Type",\n                    "Accept"\n                ],\n                "response": [\n                    "Content-Type",\n                    "Accept"\n                ]\n            },\n            "swagger": "/swagger/v1/swagger.json"\n        }\n    ]\n}', '2022-04-26 14:19:33.362', '906ea0e07b3d4e1d915c33b3bba70657', '54eced6427114d54b946809cb60eae99', 1, 'Deleted', 'DEV'),
                                     ('0c90070fac8f4625826c15d2aa8e49ff', 'ProxyAggregatorID', NULL, 'ProxySetting', '{\n  "services": [\n    {\n      "appid": "demands",\n      "description": "Demands service",\n      "methods": [\n        "get",\n        "post",\n        "put",\n        "delete"\n      ],\n      "swagger": "/swagger/v1/swagger.json"\n    },\n    {\n      "appid": "single-sign-on",\n      "description": "Single signon service",\n      "methods": [\n        "get",\n        "post",\n        "put",\n        "delete"\n      ],\n      "swagger": "/swagger/v1/swagger.json"\n    }\n  ]\n}', '2022-05-20 13:23:29.612', '218a990b7323448a84cf10bf636e4a61', 'f1da5d0af9d64969a285c04d435a8242', 3, 'Enabled', 'DEV'),
                                     ('21cd5f7f6c7e4bd4984e09f1cd7428af', 'HttpAggregatorID', NULL, 'ProxySetting', '{\n    "services": [\n        {\n            "appid": "demands",\n            "description": "Demands service",\n            "methods": [\n                "get",\n                "post",\n                "put",\n                "delete"\n            ],\n            "swagger": "/swagger/v1/swagger.json"\n        }\n    ]\n}', '2022-05-05 13:58:37.501', '4378f11567754441bbf45800473c4922', '2b82ae37d04a4668a7fbf287bba850ff', 3, 'Deleted', 'DEV'),
                                     ('3d613cfbd9af49f0b365380bb656a9f1', 'ProxyAggregatorID', NULL, 'ProxySetting', '{\n  "services": [\n    {\n      "appid": "demands",\n      "description": "Demands service",\n      "methods": [\n        "get",\n        "post",\n        "put",\n        "delete"\n      ],\n      "swagger": "/swagger/v1/swagger.json"\n    }\n  ]\n}', '2022-05-05 15:14:52.858', '218a990b7323448a84cf10bf636e4a61', '8bed9fa9d1394df58f26d76e1138619e', 1, 'Deleted', 'DEV'),
                                     ('6720793adb8741f29080aa41d5e02947', 'AggregatorID', '', 'ProxySetting', '{\n  "services": [\n    {\n      "appid": "demands",\n      "description": "Demands service",\n      "methods": [\n        "get",\n        "post",\n        "put",\n        "delete"\n      ],\n      "swagger": "/swagger/v1/swagger.json"\n    },\n    {\n      "appid": "single-sign-on",\n      "description": "Single signon service",\n      "methods": [\n        "get",\n        "post",\n        "put",\n        "delete"\n      ],\n      "swagger": "/swagger/v1/swagger.json"\n    }\n  ]\n}', '2022-05-25 16:41:38.685', '04884b133f63467cb89c39ad369497a5', 'bcddf203372d426091b5155254207322', 1, 'Enabled', 'DEV'),
                                     ('6f7cbc8fe200482a97b5494062c33ad8', 'PublicID', NULL, 'SeqServerUrl', 'http://seq', '2022-04-25 21:00:42.952', 'ecde6610b3a241cea566090920b3e860', '1a0bc963d23f41c4b3fc4fe48f23eb8e', 1, 'Deleted', 'DEV'),
                                     ('79b583e0a04c460e8e06d52eafee8705', 'PublicID', NULL, 'SeqServerUrl', 'http://localhost:5340', '2022-06-09 16:40:21.032', 'ecde6610b3a241cea566090920b3e860', '52a93c21990647a1b08f098dc31b66c5', 2, 'Deleted', 'DEV'),
                                     ('7cce8b694b04459d81b7e0305683a4d6', 'admin', NULL, 'ProxySetting', '{\n  "services": [\n    {\n      "appid": "demands",\n      "description": "Demands service",\n      "methods": [\n        "get",\n        "post",\n        "put",\n        "delete"\n      ],\n      "swagger": "/swagger/v1/swagger.json"\n    },\n    {\n      "appid": "single-sign-on",\n      "description": "Single signon service",\n      "methods": [\n        "get",\n        "post",\n        "put",\n        "delete"\n      ],\n      "swagger": "/swagger/v1/swagger.json"\n    }\n  ]\n}', '2022-05-20 17:16:38.414', 'ae3484c6aa07443fb8169747f8f608b1', 'aa1ae517d0284bb08e376b06e730b903', 1, 'Enabled', 'DEV'),
                                     ('8e38c8181e3e473f82a9cc6a564fc030', 'HttpAggregatorID', NULL, 'ProxySetting', '{\n    "Services": [\n        {\n            "appid": "demands",\n            "description": "Demands service",\n            "methods": [\n                "get",\n                "post",\n                "put",\n                "delete"\n            ],\n            "swagger": "/swagger/v1/swagger.json"\n        }\n    ]\n}', '2022-05-05 14:00:16.386', '4378f11567754441bbf45800473c4922', '19c6878fd96d4e62b58b186b1d52ab53', 4, 'Deleted', 'DEV'),
                                     ('9d2171b138ee4c6d9050ea3005876ba4', 'SingleSignOnID', NULL, 'UserPasswordSecret', '1qazxsw23edcVFR$', '2022-05-25 15:27:18.112', 'f0c8beea7ec5473999d0b3f1cef3efec', '3656edc3c44f46b994905b207adf52c8', 1, 'Deleted', 'DEV'),
                                     ('b6f4a93c07df49ec9ef729746792c710', 'HttpAggregatorID', NULL, 'ProxySetting', '{"Services":[{"appid":"demands","description":"Demands service","methods":["get","post","put","delete"],"swagger":"/swagger/v1/swagger.json"}]}', '2022-05-05 14:00:54.246', '4378f11567754441bbf45800473c4922', 'bd5409fff1a04f3d9c2f2c0e3036c115', 5, 'Enabled', 'DEV'),
                                     ('b7440eb135774712b6edf387fade9f36', 'SingleSignOnID', NULL, 'UserPasswordSecret', '1qazxsw23edcVFR$', '2022-05-25 15:35:58.183', 'f0c8beea7ec5473999d0b3f1cef3efec', '506c6bb3f6c54a16862f22118231bd12', 2, 'Enabled', 'DEV'),
                                     ('bedc813df5f44a2097b07e562e3c950a', 'HttpAggregatorID', NULL, 'ProxySettings', '{\n    "services": [\n        {\n            "appid": "demands",\n            "description": "Demands service",\n            "methods": [\n                "get",\n                "post",\n                "put",\n                "delete"\n            ],\n            "swagger": "/swagger/v1/swagger.json"\n        }\n    ]\n}', '2022-04-26 17:28:34.463', '906ea0e07b3d4e1d915c33b3bba70657', 'dbbb5c2747054bdb86bee5e82150a73a', 2, 'Deleted', 'DEV'),
                                     ('c4611ac0de0c4ddab6e05dc5673c4bd1', 'ProxyAggregatorID', NULL, 'ProxySetting', '{\n  "services": [\n    {\n      "appid": "demands",\n      "description": "Demands service",\n      "methods": [\n        "get",\n        "post",\n        "put",\n        "delete"\n      ],\n      "swagger": "/swagger/v1/swagger.json"\n    },\n    {\n      "appid": "single-sign-on",\n      "description": "Demands service",\n      "methods": [\n        "get",\n        "post",\n        "put",\n        "delete"\n      ],\n      "swagger": "/swagger/v1/swagger.json"\n    }\n  ]\n}', '2022-05-20 13:22:06.269', '218a990b7323448a84cf10bf636e4a61', '435f7d09147d4b8e8051ee740934aea3', 2, 'Deleted', 'DEV'),
                                     ('dda3f44672bb45e98e5f08e1ae6de87b', 'SingleSignOnID', NULL, 'JwtSetting', '{\n  "secretKey": "1qazxsw23edcVFR$",\n  "expiration": 3600\n}', '2022-05-25 15:35:58.183', '13adf8d0a16f44b2851dcdbe1a6aaf1c', '506c6bb3f6c54a16862f22118231bd12', 2, 'Enabled', 'DEV'),
                                     ('f43185c078a84d18886f3682292c1a94', 'PublicID', NULL, 'SeqServerUrl', 'http://10.181.22.62:5340', '2022-06-09 17:42:11.037', 'ecde6610b3a241cea566090920b3e860', '52826ac0a85941ceb145141c9d8e3145', 3, 'Enabled', 'DEV');

-- 
-- Dumping data for table agc_config
--
INSERT INTO agc_config VALUES
                           ('04884b133f63467cb89c39ad369497a5', 'AggregatorID', '', 'ProxySetting', '{\n  "services": [\n    {\n      "appid": "demands",\n      "description": "Demands service",\n      "methods": [\n        "get",\n        "post",\n        "put",\n        "delete"\n      ],\n      "swagger": "/swagger/v1/swagger.json"\n    },\n    {\n      "appid": "single-sign-on",\n      "description": "Single signon service",\n      "methods": [\n        "get",\n        "post",\n        "put",\n        "delete"\n      ],\n      "swagger": "/swagger/v1/swagger.json"\n    }\n  ]\n}', NULL, '2022-05-25 16:41:36.386', NULL, 'Enabled', 'Online', 'Commit', 'DEV'),
                           ('13adf8d0a16f44b2851dcdbe1a6aaf1c', 'SingleSignOnID', NULL, 'JwtSetting', '{\n  "secretKey": "1qazxsw23edcVFR$",\n  "expiration": 3600\n}', NULL, '2022-05-25 15:35:56.15', NULL, 'Enabled', 'Online', 'Commit', 'DEV'),
                           ('218a990b7323448a84cf10bf636e4a61', 'ProxyAggregatorID', NULL, 'ProxySetting', '{\n  "services": [\n    {\n      "appid": "demands",\n      "description": "Demands service",\n      "methods": [\n        "get",\n        "post",\n        "put",\n        "delete"\n      ],\n      "swagger": "/swagger/v1/swagger.json"\n    },\n    {\n      "appid": "single-sign-on",\n      "description": "Single signon service",\n      "methods": [\n        "get",\n        "post",\n        "put",\n        "delete"\n      ],\n      "swagger": "/swagger/v1/swagger.json"\n    }\n  ]\n}', NULL, '2022-05-05 15:14:49.201', '2022-05-20 13:23:27.002', 'Deleted', 'Online', 'Commit', 'DEV'),
                           ('4378f11567754441bbf45800473c4922', 'HttpAggregatorID', NULL, 'ProxySetting', '{"Services":[{"appid":"demands","description":"Demands service","methods":["get","post","put","delete"],"swagger":"/swagger/v1/swagger.json"}]}', NULL, '2022-05-05 13:58:34.184', '2022-05-05 14:00:51.833', 'Deleted', 'Online', 'Commit', 'DEV'),
                           ('906ea0e07b3d4e1d915c33b3bba70657', 'HttpAggregatorID', NULL, 'ProxySettings', '{\n    "services": [\n        {\n            "appid": "demands",\n            "description": "Demands service",\n            "methods": [\n                "get",\n                "post",\n                "put",\n                "delete"\n            ],\n            "swagger": "/swagger/v1/swagger.json"\n        }\n    ]\n}', NULL, '2022-04-26 10:28:56.736', '2022-04-26 17:28:32', 'Deleted', 'Online', 'Commit', 'DEV'),
                           ('ae3484c6aa07443fb8169747f8f608b1', 'admin', NULL, 'ProxySetting', '{\n  "services": [\n    {\n      "appid": "demands",\n      "description": "Demands service",\n      "methods": [\n        "get",\n        "post",\n        "put",\n        "delete"\n      ],\n      "swagger": "/swagger/v1/swagger.json"\n    },\n    {\n      "appid": "single-sign-on",\n      "description": "Single signon service",\n      "methods": [\n        "get",\n        "post",\n        "put",\n        "delete"\n      ],\n      "swagger": "/swagger/v1/swagger.json"\n    }\n  ]\n}', NULL, '2022-05-20 17:16:35.328', NULL, 'Deleted', 'Online', 'Commit', 'DEV'),
                           ('ecde6610b3a241cea566090920b3e860', 'PublicID', NULL, 'SeqServerUrl', 'http://10.181.22.62:5340', NULL, '2022-04-25 21:00:39.757', '2022-06-09 17:42:08.741', 'Enabled', 'Online', 'Commit', 'DEV'),
                           ('f0c8beea7ec5473999d0b3f1cef3efec', 'SingleSignOnID', NULL, 'UserPasswordSecret', '1qazxsw23edcVFR$', NULL, '2022-05-25 15:27:15.617', NULL, 'Enabled', 'Online', 'Commit', 'DEV');

-- 
-- Dumping data for table agc_appinheritanced
--
INSERT INTO agc_appinheritanced VALUES
                                    ('4cad2c0d97dd44e4bfb7f1485f134feb', 'HttpAggregatorID', 'PublicID', 0),
                                    ('4fc4e89b15974bafb7f9a69bc61e385e', 'SingleSignOnID', 'PublicID', 0),
                                    ('72ec6ad7c1af422a8e08aabd09eccccc', 'DemandsID', 'PublicID', 0),
                                    ('b99b089d06a84590b2bf8c28e1fee106', 'admin', 'PublicID', 0),
                                    ('e9da7d610cbf453c98bf12bbcee4034d', 'AggregatorID', 'PublicID', 0),
                                    ('ff31aab8ab0f4434b7ae1bd40b748ff6', 'ProxyAggregatorID', 'PublicID', 0);

-- 
-- Dumping data for table agc_app
--
INSERT INTO agc_app VALUES
                        ('AggregatorID', 'Aggregator', NULL, 'Password@1', '2022-05-25 16:41:14.298', NULL, True, 'PRIVATE', 'super_admin'),
                        ('DemandsID', 'Demands', NULL, 'Password@1', '2022-04-25 20:59:21.56', NULL, True, 'PRIVATE', 'super_admin'),
                        ('PublicID', 'Public', NULL, NULL, '2022-04-25 20:58:46.113', NULL, True, 'Inheritance', 'super_admin'),
                        ('SingleSignOnID', 'SingleSignOn', NULL, 'Password@1', '2022-05-13 17:27:46.355', NULL, True, 'PRIVATE', 'super_admin');

-- 
-- Restore previous SQL mode
-- 
/*!40101 SET SQL_MODE=@OLD_SQL_MODE */;

-- 
-- Enable foreign keys
-- 
/*!40014 SET FOREIGN_KEY_CHECKS = @OLD_FOREIGN_KEY_CHECKS */;